Sleeper,Mapped_Name,Suggested_Fantasy_Pros,Suggested_Value,Confidence,Notes
Anthony Landphere,Anthony Landphere,,,,Review and add to rookies file or fp_sleeper_mapping.txt
Jimmy Bell,Jimmy Bell,,,,Review and add to rookies file or fp_sleeper_mapping.txt
J.J. Jones,J.J. Jones,,,,Review and add to rookies file or fp_sleeper_mapping.txt
Moose Muhammad,Moose Muhammad,,,,Review and add to rookies file or fp_sleeper_mapping.txt
DeMeer Blankumsee,DeMeer Blankumsee,,,,Review and add to rookies file or fp_sleeper_mapping.txt
Pat Conroy,Pat Conroy,,,,Review and add to rookies file or fp_sleeper_mapping.txt
Hajj-Malik Williams,Hajj-Malik Williams,,,,Review and add to rookies file or fp_sleeper_mapping.txt
Sone Ntoh,Sone Ntoh,,,,Review and add to rookies file or fp_sleeper_mapping.txt
Kole Taylor,Kole Taylor,,,,Review and add to rookies file or fp_sleeper_mapping.txt
Eli Wilson,Eli Wilson,,,,Review and add to rookies file or fp_sleeper_mapping.txt
Julian Fleming,Julian Fleming,,,,Review and add to rookies file or fp_sleeper_mapping.txt
Dante Wright,Dante Wright,,,,Review and add to rookies file or fp_sleeper_mapping.txt
Qualan Jones,Qualan Jones,,,,Review and add to rookies file or fp_sleeper_mapping.txt
Collin Schlee,Collin Schlee,,,,Review and add to rookies file or fp_sleeper_mapping.txt
Redd Douglas,Redd Douglas,,,,Review and add to rookies file or fp_sleeper_mapping.txt
Justin Lockhart,Justin Lockhart,,,,Review and add to rookies file or fp_sleeper_mapping.txt
Sam Pitz,Sam Pitz,,,,Review and add to rookies file or fp_sleeper_mapping.txt
Reggie Brown,Reggie Brown,,,,Review and add to rookies file or fp_sleeper_mapping.txt
Zakhari Franklin,Zakhari Franklin,,,,Review and add to rookies file or fp_sleeper_mapping.txt
Kinkead Dent,Kinkead Dent,,,,Review and add to rookies file or fp_sleeper_mapping.txt
Luke Deal,Luke Deal,,,,Review and add to rookies file or fp_sleeper_mapping.txt
John Hoyland,John Hoyland,,,,Review and add to rookies file or fp_sleeper_mapping.txt
Brett Gabbert,Brett Gabbert,,,,Review and add to rookies file or fp_sleeper_mapping.txt
Montana Lemonious-Craig,Montana Lemonious-Craig,,,,Review and add to rookies file or fp_sleeper_mapping.txt
Elijah Sarratt,Elijah Sarratt,,,,Review and add to rookies file or fp_sleeper_mapping.txt
CJ Daniels,CJ Daniels,,,,Review and add to rookies file or fp_sleeper_mapping.txt
Carson Beck,Carson Beck,,,,Review and add to rookies file or fp_sleeper_mapping.txt
Josh Cuevas,Josh Cuevas,,,,Review and add to rookies file or fp_sleeper_mapping.txt
Ty Simpson,Ty Simpson,,,,Review and add to rookies file or fp_sleeper_mapping.txt
CJ Donaldson,CJ Donaldson,,,,Review and add to rookies file or fp_sleeper_mapping.txt
Max Klare,Max Klare,,,,Review and add to rookies file or fp_sleeper_mapping.txt
Chamon Metayer,Chamon Metayer,,,,Review and add to rookies file or fp_sleeper_mapping.txt
Jack Endries,Jack Endries,,,,Review and add to rookies file or fp_sleeper_mapping.txt
Dylan Devezin,Dylan Devezin,,,,Review and add to rookies file or fp_sleeper_mapping.txt
Malachi Fields,Malachi Fields,,,,Review and add to rookies file or fp_sleeper_mapping.txt
Nicholas Singleton,Nicholas Singleton,,,,Review and add to rookies file or fp_sleeper_mapping.txt
Drew Allar,Drew Allar,,,,Review and add to rookies file or fp_sleeper_mapping.txt
Jalen Moss,Jalen Moss,,,,Review and add to rookies file or fp_sleeper_mapping.txt
Kejon Owens,Kejon Owens,,,,Review and add to rookies file or fp_sleeper_mapping.txt
Lake McRee,Lake McRee,,,,Review and add to rookies file or fp_sleeper_mapping.txt
Behren Morton,Behren Morton,,,,Review and add to rookies file or fp_sleeper_mapping.txt
Reggie Virgil,Reggie Virgil,,,,Review and add to rookies file or fp_sleeper_mapping.txt
Nate Boerkircher,Nate Boerkircher,,,,Review and add to rookies file or fp_sleeper_mapping.txt
Le'Veon Moss,Le'Veon Moss,,,,Review and add to rookies file or fp_sleeper_mapping.txt
Cade Klubnik,Cade Klubnik,,,,Review and add to rookies file or fp_sleeper_mapping.txt
O'Mega Blake,O'Mega Blake,,,,Review and add to rookies file or fp_sleeper_mapping.txt
Taylen Green,Taylen Green,,,,Review and add to rookies file or fp_sleeper_mapping.txt
Marlin Klein,Marlin Klein,,,,Review and add to rookies file or fp_sleeper_mapping.txt
Bauer Sharp,Bauer Sharp,,,,Review and add to rookies file or fp_sleeper_mapping.txt
Aaron Anderson,Aaron Anderson,,,,Review and add to rookies file or fp_sleeper_mapping.txt
Miller Moss,Miller Moss,,,,Review and add to rookies file or fp_sleeper_mapping.txt
Josh Kattus,Josh Kattus,,,,Review and add to rookies file or fp_sleeper_mapping.txt
Emmanuel Henderson,Emmanuel Henderson,,,,Review and add to rookies file or fp_sleeper_mapping.txt
Luke Altmyer,Luke Altmyer,,,,Review and add to rookies file or fp_sleeper_mapping.txt
Dean Connors,Dean Connors,,,,Review and add to rookies file or fp_sleeper_mapping.txt
Eric Rivers,Eric Rivers,,,,Review and add to rookies file or fp_sleeper_mapping.txt
Noah Thomas,Noah Thomas,,,,Review and add to rookies file or fp_sleeper_mapping.txt
Oscar Delp,Oscar Delp,,,,Review and add to rookies file or fp_sleeper_mapping.txt
Zachariah Branch,Zachariah Branch,,,,Review and add to rookies file or fp_sleeper_mapping.txt
Dan Villari,Dan Villari,,,,Review and add to rookies file or fp_sleeper_mapping.txt
Sam Roush,Sam Roush,,,,Review and add to rookies file or fp_sleeper_mapping.txt
Rahsul Faison,Rahsul Faison,,,,Review and add to rookies file or fp_sleeper_mapping.txt
Matt Hibner,Matt Hibner,,,,Review and add to rookies file or fp_sleeper_mapping.txt
Jordan Hudson,Jordan Hudson,Jordan Addison,36,0.77,Review and add to rookies file or fp_sleeper_mapping.txt
DT Sheffield,DT Sheffield,,,,Review and add to rookies file or fp_sleeper_mapping.txt
Desmond Reid,Desmond Reid,,,,Review and add to rookies file or fp_sleeper_mapping.txt
Anthony Hankerson,Anthony Hankerson,,,,Review and add to rookies file or fp_sleeper_mapping.txt
Malik Benson,Malik Benson,,,,Review and add to rookies file or fp_sleeper_mapping.txt
Dae'Quan Wright,Dae'Quan Wright,,,,Review and add to rookies file or fp_sleeper_mapping.txt
Deion Burks,Deion Burks,,,,Review and add to rookies file or fp_sleeper_mapping.txt
C.J. Charleston,C.J. Charleston,,,,Review and add to rookies file or fp_sleeper_mapping.txt
Cole Payton,Cole Payton,,,,Review and add to rookies file or fp_sleeper_mapping.txt
Dane Key,Dane Key,,,,Review and add to rookies file or fp_sleeper_mapping.txt
Kevin Coleman,Kevin Coleman,Keon Coleman,0,0.83,Review and add to rookies file or fp_sleeper_mapping.txt
Davon Booth,Davon Booth,,,,Review and add to rookies file or fp_sleeper_mapping.txt
John Michael Gyllenborg,John Michael Gyllenborg,,,,Review and add to rookies file or fp_sleeper_mapping.txt
Vinny Anthony,Vinny Anthony,,,,Review and add to rookies file or fp_sleeper_mapping.txt
Preston Fox,Preston Fox,,,,Review and add to rookies file or fp_sleeper_mapping.txt
Jonah Coleman,Jonah Coleman,,,,Review and add to rookies file or fp_sleeper_mapping.txt
Demond Claiborne,Demond Claiborne,,,,Review and add to rookies file or fp_sleeper_mapping.txt
J'Mari Taylor,J'Mari Taylor,,,,Review and add to rookies file or fp_sleeper_mapping.txt
Eli Stowers,Eli Stowers,,,,Review and add to rookies file or fp_sleeper_mapping.txt
Joe Fagnano,Joe Fagnano,,,,Review and add to rookies file or fp_sleeper_mapping.txt
Junior Vandeross,Junior Vandeross,,,,Review and add to rookies file or fp_sleeper_mapping.txt
Lincoln Pare,Lincoln Pare,,,,Review and add to rookies file or fp_sleeper_mapping.txt
Chris Brazzell,Chris Brazzell,,,,Review and add to rookies file or fp_sleeper_mapping.txt
Eric McAlister,Eric McAlister,,,,Review and add to rookies file or fp_sleeper_mapping.txt
DJ Rogers,DJ Rogers,,,,Review and add to rookies file or fp_sleeper_mapping.txt
Trebor Pena,Trebor Pena,,,,Review and add to rookies file or fp_sleeper_mapping.txt
Lance Mason,Lance Mason,,,,Review and add to rookies file or fp_sleeper_mapping.txt
Brenen Thompson,Brenen Thompson,,,,Review and add to rookies file or fp_sleeper_mapping.txt
Jeff Caldwell,Jeff Caldwell,,,,Review and add to rookies file or fp_sleeper_mapping.txt
Josh Cameron,Josh Cameron,,,,Review and add to rookies file or fp_sleeper_mapping.txt
Justin Joly,Justin Joly,,,,Review and add to rookies file or fp_sleeper_mapping.txt
Michael Trigg,Michael Trigg,,,,Review and add to rookies file or fp_sleeper_mapping.txt
Skyler Bell,Skyler Bell,,,,Review and add to rookies file or fp_sleeper_mapping.txt
Garrett Nussmeier,Garrett Nussmeier,,,,Review and add to rookies file or fp_sleeper_mapping.txt
Kaytron Allen,Kaytron Allen,,,,Review and add to rookies file or fp_sleeper_mapping.txt
Carson Towt,Carson Towt,,,,Review and add to rookies file or fp_sleeper_mapping.txt
Tanner Koziol,Tanner Koziol,,,,Review and add to rookies file or fp_sleeper_mapping.txt
Donaven McCulley,Donaven McCulley,,,,Review and add to rookies file or fp_sleeper_mapping.txt
Chase Roberts,Chase Roberts,,,,Review and add to rookies file or fp_sleeper_mapping.txt
Zavion Thomas,Zavion Thomas,,,,Review and add to rookies file or fp_sleeper_mapping.txt
Kendrick Law,Kendrick Law,,,,Review and add to rookies file or fp_sleeper_mapping.txt
Cyrus Allen,Cyrus Allen,,,,Review and add to rookies file or fp_sleeper_mapping.txt
Haynes King,Haynes King,,,,Review and add to rookies file or fp_sleeper_mapping.txt
Roman Hemby,Roman Hemby,,,,Review and add to rookies file or fp_sleeper_mapping.txt
Robert Henry,Robert Henry,,,,Review and add to rookies file or fp_sleeper_mapping.txt
Jaydn Ott,Jaydn Ott,,,,Review and add to rookies file or fp_sleeper_mapping.txt
Bryce Lance,Bryce Lance,,,,Review and add to rookies file or fp_sleeper_mapping.txt
Eli Raridon,Eli Raridon,,,,Review and add to rookies file or fp_sleeper_mapping.txt
Jaren Kanak,Jaren Kanak,,,,Review and add to rookies file or fp_sleeper_mapping.txt
Eli Heidenreich,Eli Heidenreich,,,,Review and add to rookies file or fp_sleeper_mapping.txt
Seth McGowan,Seth McGowan,,,,Review and add to rookies file or fp_sleeper_mapping.txt
Jalon Daniels,Jalon Daniels,Jayden Daniels,48,0.77,Review and add to rookies file or fp_sleeper_mapping.txt
Sawyer Robertson,Sawyer Robertson,,,,Review and add to rookies file or fp_sleeper_mapping.txt
Diego Pavia,Diego Pavia,,,,Review and add to rookies file or fp_sleeper_mapping.txt
Joey Aguilar,Joey Aguilar,,,,Review and add to rookies file or fp_sleeper_mapping.txt
Seydou Traore,Seydou Traore,,,,Review and add to rookies file or fp_sleeper_mapping.txt
RJ Maryland,RJ Maryland,,,,Review and add to rookies file or fp_sleeper_mapping.txt
Miles Kitselman,Miles Kitselman,,,,Review and add to rookies file or fp_sleeper_mapping.txt
Khalil Dinkins,Khalil Dinkins,,,,Review and add to rookies file or fp_sleeper_mapping.txt
Riley Nowakowski,Riley Nowakowski,,,,Review and add to rookies file or fp_sleeper_mapping.txt
Will Kacmarek,Will Kacmarek,,,,Review and add to rookies file or fp_sleeper_mapping.txt
Joe Royer,Joe Royer,,,,Review and add to rookies file or fp_sleeper_mapping.txt
Kentrel Bullock,Kentrel Bullock,,,,Review and add to rookies file or fp_sleeper_mapping.txt
Noah Whittington,Noah Whittington,,,,Review and add to rookies file or fp_sleeper_mapping.txt
DeaMonte Trayanum,DeaMonte Trayanum,,,,Review and add to rookies file or fp_sleeper_mapping.txt
Damien Alford,Damien Alford,,,,Review and add to rookies file or fp_sleeper_mapping.txt
Colbie Young,Colbie Young,,,,Review and add to rookies file or fp_sleeper_mapping.txt
Kaden Wetjen,Kaden Wetjen,,,,Review and add to rookies file or fp_sleeper_mapping.txt
Max Bredeson,Max Bredeson,,,,Review and add to rookies file or fp_sleeper_mapping.txt
Barion Brown,Barion Brown,,,,Review and add to rookies file or fp_sleeper_mapping.txt
Lewis Bond,Lewis Bond,,,,Review and add to rookies file or fp_sleeper_mapping.txt
CJ Williams,CJ Williams,,,,Review and add to rookies file or fp_sleeper_mapping.txt
Athan Kaliakmanis,Athan Kaliakmanis,,,,Review and add to rookies file or fp_sleeper_mapping.txt
Dallen Bentley,Dallen Bentley,,,,Review and add to rookies file or fp_sleeper_mapping.txt
Carsen Ryan,Carsen Ryan,,,,Review and add to rookies file or fp_sleeper_mapping.txt
Anthony Smith,Anthony Smith,,,,Review and add to rookies file or fp_sleeper_mapping.txt
Chandler Morris,Chandler Morris,,,,Review and add to rookies file or fp_sleeper_mapping.txt
Cash Jones,Cash Jones,,,,Review and add to rookies file or fp_sleeper_mapping.txt
Matthew Caldwell,Matthew Caldwell,,,,Review and add to rookies file or fp_sleeper_mapping.txt
Kyron Drones,Kyron Drones,,,,Review and add to rookies file or fp_sleeper_mapping.txt
Tyren Montgomery,Tyren Montgomery,,,,Review and add to rookies file or fp_sleeper_mapping.txt
Jack Strand,Jack Strand,,,,Review and add to rookies file or fp_sleeper_mapping.txt
Gregory Desrosiers,Gregory Desrosiers,,,,Review and add to rookies file or fp_sleeper_mapping.txt
Sincere Brown,Sincere Brown,,,,Review and add to rookies file or fp_sleeper_mapping.txt
Jerand Bradley,Jerand Bradley,,,,Review and add to rookies file or fp_sleeper_mapping.txt
Luke Wysong,Luke Wysong,,,,Review and add to rookies file or fp_sleeper_mapping.txt
Marcus Sanders,Marcus Sanders,,,,Review and add to rookies file or fp_sleeper_mapping.txt
Dillon Bell,Dillon Bell,,,,Review and add to rookies file or fp_sleeper_mapping.txt
Shaleak Knotts,Shaleak Knotts,,,,Review and add to rookies file or fp_sleeper_mapping.txt
Evan Svoboda,Evan Svoboda,,,,Review and add to rookies file or fp_sleeper_mapping.txt
Devonte Ross,Devonte Ross,,,,Review and add to rookies file or fp_sleeper_mapping.txt
Mason Shipley,Mason Shipley,,,,Review and add to rookies file or fp_sleeper_mapping.txt
Michael Wortham,Michael Wortham,,,,Review and add to rookies file or fp_sleeper_mapping.txt
Ben Patterson,Ben Patterson,,,,Review and add to rookies file or fp_sleeper_mapping.txt
Alex Bullock,Alex Bullock,,,,Review and add to rookies file or fp_sleeper_mapping.txt
Brady Boyd,Brady Boyd,,,,Review and add to rookies file or fp_sleeper_mapping.txt
Ethan Conner,Ethan Conner,,,,Review and add to rookies file or fp_sleeper_mapping.txt
Will Pauling,Will Pauling,,,,Review and add to rookies file or fp_sleeper_mapping.txt
Wesley Grimes,Wesley Grimes,,,,Review and add to rookies file or fp_sleeper_mapping.txt
Marcus Burke,Marcus Burke,,,,Review and add to rookies file or fp_sleeper_mapping.txt
Harrison Wallace,Harrison Wallace,,,,Review and add to rookies file or fp_sleeper_mapping.txt
Trent Battle,Trent Battle,,,,Review and add to rookies file or fp_sleeper_mapping.txt
Chris Hilton,Chris Hilton,,,,Review and add to rookies file or fp_sleeper_mapping.txt
Noah Short,Noah Short,,,,Review and add to rookies file or fp_sleeper_mapping.txt
Kaidon Salter,Kaidon Salter,,,,Review and add to rookies file or fp_sleeper_mapping.txt
Jake Retzlaff,Jake Retzlaff,,,,Review and add to rookies file or fp_sleeper_mapping.txt
Ja'Mori Maclin,Ja'Mori Maclin,,,,Review and add to rookies file or fp_sleeper_mapping.txt
Max Tomczak,Max Tomczak,,,,Review and add to rookies file or fp_sleeper_mapping.txt
Malik Rutherford,Malik Rutherford,,,,Review and add to rookies file or fp_sleeper_mapping.txt
Ty Pezza,Ty Pezza,,,,Review and add to rookies file or fp_sleeper_mapping.txt
Kobe Prentice,Kobe Prentice,,,,Review and add to rookies file or fp_sleeper_mapping.txt
Gabriel Plascencia,Gabriel Plascencia,,,,Review and add to rookies file or fp_sleeper_mapping.txt
Hayden Large,Hayden Large,,,,Review and add to rookies file or fp_sleeper_mapping.txt
Dominic Richardson,Dominic Richardson,,,,Review and add to rookies file or fp_sleeper_mapping.txt
Camden Brown,Camden Brown,,,,Review and add to rookies file or fp_sleeper_mapping.txt
Luke Drzewiecki,Luke Drzewiecki,,,,Review and add to rookies file or fp_sleeper_mapping.txt
Joseph Manjack,Joseph Manjack,,,,Review and add to rookies file or fp_sleeper_mapping.txt
Cameron Ross,Cameron Ross,,,,Review and add to rookies file or fp_sleeper_mapping.txt
Kole Wilson,Kole Wilson,,,,Review and add to rookies file or fp_sleeper_mapping.txt
TJ Harden,TJ Harden,,,,Review and add to rookies file or fp_sleeper_mapping.txt
Jaden Bradley,Jaden Bradley,,,,Review and add to rookies file or fp_sleeper_mapping.txt
Chris Freeman,Chris Freeman,,,,Review and add to rookies file or fp_sleeper_mapping.txt
Josh Pitsenburger,Josh Pitsenburger,,,,Review and add to rookies file or fp_sleeper_mapping.txt
J. Michael Sturdivant,J. Michael Sturdivant,,,,Review and add to rookies file or fp_sleeper_mapping.txt
Eni Falayi,Eni Falayi,,,,Review and add to rookies file or fp_sleeper_mapping.txt
Isaiah Jacobs,Isaiah Jacobs,,,,Review and add to rookies file or fp_sleeper_mapping.txt
Hank Beatty,Hank Beatty,,,,Review and add to rookies file or fp_sleeper_mapping.txt
Ademola Faleye,Ademola Faleye,,,,Review and add to rookies file or fp_sleeper_mapping.txt
EJ Smith,EJ Smith,,,,Review and add to rookies file or fp_sleeper_mapping.txt
Al-Jay Henderson,Al-Jay Henderson,,,,Review and add to rookies file or fp_sleeper_mapping.txt
Terion Stewart,Terion Stewart,,,,Review and add to rookies file or fp_sleeper_mapping.txt
Ken Seals,Ken Seals,,,,Review and add to rookies file or fp_sleeper_mapping.txt
Raylen Sharpe,Raylen Sharpe,,,,Review and add to rookies file or fp_sleeper_mapping.txt
Jacob Clark,Jacob Clark,,,,Review and add to rookies file or fp_sleeper_mapping.txt
Kansei Matsuzawa,Kansei Matsuzawa,,,,Review and add to rookies file or fp_sleeper_mapping.txt
E.J. Williams,E.J. Williams,,,,Review and add to rookies file or fp_sleeper_mapping.txt
Matt Lauter,Matt Lauter,,,,Review and add to rookies file or fp_sleeper_mapping.txt
Rohan Jones,Rohan Jones,,,,Review and add to rookies file or fp_sleeper_mapping.txt
Laith Marjan,Laith Marjan,,,,Review and add to rookies file or fp_sleeper_mapping.txt
Mark Gronowski,Mark Gronowski,,,,Review and add to rookies file or fp_sleeper_mapping.txt
Romello Brinson,Romello Brinson,,,,Review and add to rookies file or fp_sleeper_mapping.txt
Malik McClain,Malik McClain,,,,Review and add to rookies file or fp_sleeper_mapping.txt
Caullin Lacy,Caullin Lacy,,,,Review and add to rookies file or fp_sleeper_mapping.txt
Tanner Arkin,Tanner Arkin,,,,Review and add to rookies file or fp_sleeper_mapping.txt
Kyle Dixon,Kyle Dixon,,,,Review and add to rookies file or fp_sleeper_mapping.txt
Kevorian Barnes,Kevorian Barnes,,,,Review and add to rookies file or fp_sleeper_mapping.txt
Dominic Zvada,Dominic Zvada,,,,Review and add to rookies file or fp_sleeper_mapping.txt
Cody Hardy,Cody Hardy,,,,Review and add to rookies file or fp_sleeper_mapping.txt
Mekhi Mews,Mekhi Mews,,,,Review and add to rookies file or fp_sleeper_mapping.txt
Will Ferrin,Will Ferrin,,,,Review and add to rookies file or fp_sleeper_mapping.txt
Chase Curtis,Chase Curtis,,,,Review and add to rookies file or fp_sleeper_mapping.txt
Ethan Sanchez,Ethan Sanchez,,,,Review and add to rookies file or fp_sleeper_mapping.txt
Coleman Bennett,Coleman Bennett,,,,Review and add to rookies file or fp_sleeper_mapping.txt
Jack Velling,Jack Velling,,,,Review and add to rookies file or fp_sleeper_mapping.txt
Cortez Braham,Cortez Braham,,,,Review and add to rookies file or fp_sleeper_mapping.txt
Octavian Smith,Octavian Smith,,,,Review and add to rookies file or fp_sleeper_mapping.txt
Dontae McMillan,Dontae McMillan,,,,Review and add to rookies file or fp_sleeper_mapping.txt
Jalen Walthall,Jalen Walthall,,,,Review and add to rookies file or fp_sleeper_mapping.txt
Daniel Sobkowicz,Daniel Sobkowicz,,,,Review and add to rookies file or fp_sleeper_mapping.txt
Treyvhon Saunders,Treyvhon Saunders,,,,Review and add to rookies file or fp_sleeper_mapping.txt
Sean Brown,Sean Brown,,,,Review and add to rookies file or fp_sleeper_mapping.txt
Quentin Moore,Quentin Moore,,,,Review and add to rookies file or fp_sleeper_mapping.txt
Sam Scott,Sam Scott,,,,Review and add to rookies file or fp_sleeper_mapping.txt
Jameson Geers,Jameson Geers,,,,Review and add to rookies file or fp_sleeper_mapping.txt
DeShawn Hanika,DeShawn Hanika,,,,Review and add to rookies file or fp_sleeper_mapping.txt
Levi Wentz,Levi Wentz,,,,Review and add to rookies file or fp_sleeper_mapping.txt
Michael Briscoe,Michael Briscoe,,,,Review and add to rookies file or fp_sleeper_mapping.txt
Corey Rucker,Corey Rucker,,,,Review and add to rookies file or fp_sleeper_mapping.txt
Jacob De Jesus,Jacob De Jesus,,,,Review and add to rookies file or fp_sleeper_mapping.txt
Omari Evans,Omari Evans,,,,Review and add to rookies file or fp_sleeper_mapping.txt
Jaden Nixon,Jaden Nixon,,,,Review and add to rookies file or fp_sleeper_mapping.txt
Elijah Tau-Tolliver,Elijah Tau-Tolliver,,,,Review and add to rookies file or fp_sleeper_mapping.txt
Patrick Gurd,Patrick Gurd,,,,Review and add to rookies file or fp_sleeper_mapping.txt
Xavier Loyd,Xavier Loyd,,,,Review and add to rookies file or fp_sleeper_mapping.txt
Jonathan Brady,Jonathan Brady,,,,Review and add to rookies file or fp_sleeper_mapping.txt
Josh Pitsenberger,Josh Pitsenberger,,,,Review and add to rookies file or fp_sleeper_mapping.txt
Sahmir Hagans,Sahmir Hagans,,,,Review and add to rookies file or fp_sleeper_mapping.txt
Jordon Vaughn,Jordon Vaughn,,,,Review and add to rookies file or fp_sleeper_mapping.txt
E.J. Horton,E.J. Horton,,,,Review and add to rookies file or fp_sleeper_mapping.txt
Gabriel Benyard,Gabriel Benyard,,,,Review and add to rookies file or fp_sleeper_mapping.txt
Omari Kelly,Omari Kelly,,,,Review and add to rookies file or fp_sleeper_mapping.txt
Squirrel White,Squirrel White,,,,Review and add to rookies file or fp_sleeper_mapping.txt
Jamal Haynes,Jamal Haynes,,,,Review and add to rookies file or fp_sleeper_mapping.txt
Damon Bankston,Damon Bankston,,,,Review and add to rookies file or fp_sleeper_mapping.txt
Kenny Fletcher,Kenny Fletcher,,,,Review and add to rookies file or fp_sleeper_mapping.txt
Cameron Dorner,Cameron Dorner,Cameron Dicker,1,0.77,Review and add to rookies file or fp_sleeper_mapping.txt
Nick DeGennaro,Nick DeGennaro,,,,Review and add to rookies file or fp_sleeper_mapping.txt
Myles Montgomery,Myles Montgomery,,,,Review and add to rookies file or fp_sleeper_mapping.txt
Jimmy Kibble,Jimmy Kibble,,,,Review and add to rookies file or fp_sleeper_mapping.txt
Drew Stevens,Drew Stevens,,,,Review and add to rookies file or fp_sleeper_mapping.txt
Brandon Frazier,Brandon Frazier,,,,Review and add to rookies file or fp_sleeper_mapping.txt
Keelan Marion,Keelan Marion,,,,Review and add to rookies file or fp_sleeper_mapping.txt
Le'Meke Brockington,Le'Meke Brockington,,,,Review and add to rookies file or fp_sleeper_mapping.txt
Kolbe Katsis,Kolbe Katsis,,,,Review and add to rookies file or fp_sleeper_mapping.txt
Stone Eby,Stone Eby,,,,Review and add to rookies file or fp_sleeper_mapping.txt
E.J. Warner,E.J. Warner,AJ Barner,1,0.75,Review and add to rookies file or fp_sleeper_mapping.txt
Paul Geelen,Paul Geelen,,,,Review and add to rookies file or fp_sleeper_mapping.txt
Trent Howland,Trent Howland,,,,Review and add to rookies file or fp_sleeper_mapping.txt
Julius Davis,Julius Davis,,,,Review and add to rookies file or fp_sleeper_mapping.txt
Tommy Thomas,Tommy Thomas,,,,Review and add to rookies file or fp_sleeper_mapping.txt
Rodney Hammond,Rodney Hammond,,,,Review and add to rookies file or fp_sleeper_mapping.txt
Brett Weaver,Brett Weaver,,,,Review and add to rookies file or fp_sleeper_mapping.txt
Jordan Nubin,Jordan Nubin,,,,Review and add to rookies file or fp_sleeper_mapping.txt
Dean Patterson,Dean Patterson,,,,Review and add to rookies file or fp_sleeper_mapping.txt
Kadarius Calloway,Kadarius Calloway,,,,Review and add to rookies file or fp_sleeper_mapping.txt
Johnny Pascuzzi,Johnny Pascuzzi,,,,Review and add to rookies file or fp_sleeper_mapping.txt
Kyron Hudson,Kyron Hudson,,,,Review and add to rookies file or fp_sleeper_mapping.txt
Brock Rechsteiner,Brock Rechsteiner,,,,Review and add to rookies file or fp_sleeper_mapping.txt
Rashad Rochelle,Rashad Rochelle,,,,Review and add to rookies file or fp_sleeper_mapping.txt
Trayvon Rudolph,Trayvon Rudolph,,,,Review and add to rookies file or fp_sleeper_mapping.txt
Mante Morrow,Mante Morrow,,,,Review and add to rookies file or fp_sleeper_mapping.txt
Terrill Davis,Terrill Davis,,,,Review and add to rookies file or fp_sleeper_mapping.txt
